字段,KL散度,JS距离,JS相似度,KS统计量,KS p值
likes,0.2548489549262049,0.2675799010654578,0.7324200989345422,0.2717558022199798,7.421144674074001e-33
duration,3.0597767421767847,0.38412551312630144,0.6158744868736985,0.2450776992936428,9.478463100992054e-27
reposts,0.1536104861535531,0.20646846967989724,0.7935315303201027,0.14843794147325934,4.817780679748092e-10
favorites,0.1926499486965148,0.23004231245282125,0.7699576875471787,0.19016448032290614,3.161940323194343e-16
